{
    "ios": {
      "version": "4.0.7",
      "updateTitle": "New Version Found",
      "updateDesc": "Please Update the app to newer version",
      "actions": [
        {
          "text": "Update",
          "link": "https://play.google.com/store/apps/details?id=com.tnpfc.mobile"
        }
      ],
      "updateFeatures": [
        "Interest certificate download for FY20-21 & Minor fixes"
      ]
    },
    "android": {
      "version": "4.1.1",
      "updateTitle": "New Version Found (4.1.1)",
      "updateDesc": "To use the app, please update to the newer version(4.1.1)",
      "actions": [
        {
          "text": "Update",
          "link": "https://play.google.com/store/apps/details?id=com.tnpfc.mobile",
          "theme": "info"
        }
      ],
      "updateFeatures": [
		"1. Changes for NRI customer registration and deposit creation\n2. Residential status update with permanent and correspondence address changes\n3. Changes in Customer profile page"
      ]
    }
  }